labeled_size,median_qerror,round
200,37.69245025147605,1
400,23.0,2
600,14.0,3
800,14.657236832023928,4
1000,10.666666666666666,5
