labeled_size,median_qerror,round
50,136.72737937528262,1
100,146.23661319702998,2
150,122.82567596939663,3
